{
    "uvs":[],
    "materials":[{
        "visible":true,
        "colorEmissive":[0,0,0],
        "DbgIndex":0,
        "transparent":true,
        "depthWrite":true,
        "shading":"phong",
        "DbgName":"None",
        "wireframe":false,
        "colorSpecular":[0.8,0.8,0.8],
        "specularCoef":1,
        "opacity":1,
        "DbgColor":15658734,
        "depthTest":true,
        "colorDiffuse":[0.8,0.8,0.8],
        "blending":"NormalBlending"
    }],
    "metadata":{
        "materials":1,
        "generator":"io_three",
        "uvs":0,
        "version":3,
        "type":"Geometry",
        "vertices":384,
        "faces":248,
        "normals":79
    },
    "vertices":[0,-24,-0.450003,0,-8,-0.450001,0.087791,-24,-0.441356,0.087791,-8,-0.441354,0.172208,-24,-0.415749,0.172208,-8,-0.415747,0.250007,-24,-0.374164,0.250007,-8,-0.374162,0.318198,-24,-0.318201,0.318198,-8,-0.318199,0.374161,-24,-0.25001,0.374161,-8,-0.250008,0.415746,-24,-0.172211,0.415746,-8,-0.172209,0.441353,-24,-0.087794,0.441353,-8,-0.087792,0.45,-24,-3e-06,0.45,-8,-1e-06,0.441353,-24,0.087788,0.441353,-8,0.08779,0.415746,-24,0.172204,0.415746,-8,0.172206,0.374161,-24,0.250004,0.374161,-8,0.250006,0.318198,-24,0.318195,0.318198,-8,0.318197,0.250007,-24,0.374158,0.250007,-8,0.37416,0.172207,-24,0.415743,0.172207,-8,0.415745,0.087791,-24,0.44135,0.087791,-8,0.441352,0,-24,0.449997,0,-8,0.449999,-0.087791,-24,0.44135,-0.087791,-8,0.441352,-0.172208,-24,0.415743,-0.172208,-8,0.415745,-0.250007,-24,0.374158,-0.250007,-8,0.37416,-0.318198,-24,0.318195,-0.318198,-8,0.318197,-0.374161,-24,0.250003,-0.374161,-8,0.250005,-0.415746,-24,0.172204,-0.415746,-8,0.172206,-0.441353,-24,0.087787,-0.441353,-8,0.087789,-0.45,-24,-3e-06,-0.45,-8,-1e-06,-0.441353,-24,-0.087794,-0.441353,-8,-0.087792,-0.415746,-24,-0.172211,-0.415746,-8,-0.172209,-0.374161,-24,-0.25001,-0.374161,-8,-0.250008,-0.318198,-24,-0.318201,-0.318198,-8,-0.318199,-0.250006,-24,-0.374165,-0.250006,-8,-0.374163,-0.172207,-24,-0.415749,-0.08779,-24,-0.441356,-0.08779,-8,-0.441354,-0.172207,-8,-0.415747,0,-8,-0.145001,0,-2.9,-0.145,0.029264,-8,-0.142215,0.029264,-2.9,-0.142214,0.057403,-8,-0.133964,0.057403,-2.9,-0.133963,0.083336,-8,-0.120564,0.083336,-2.9,-0.120563,0.106066,-8,-0.102531,0.106066,-2.9,-0.10253,0.12472,-8,-0.080559,0.12472,-2.9,-0.080558,0.138582,-8,-0.05549,0.138582,-2.9,-0.055489,0.147118,-8,-0.028289,0.147118,-2.9,-0.028288,0.15,-8,-1e-06,0.15,-2.9,-0,0.147118,-8,0.028287,0.147118,-2.9,0.028288,0.138582,-8,0.055488,0.138582,-2.9,0.055489,0.12472,-8,0.080557,0.12472,-2.9,0.080558,0.106066,-8,0.102529,0.106066,-2.9,0.10253,0.083336,-8,0.120562,0.083336,-2.9,0.120563,0.057402,-8,0.133962,0.057402,-2.9,0.133963,0.029264,-8,0.142213,0.029264,-2.9,0.142214,0,-8,0.144999,0,-2.9,0.145,-0.029264,-8,0.142213,-0.029264,-2.9,0.142214,-0.057403,-8,0.133962,-0.057403,-2.9,0.133963,-0.083336,-8,0.120562,-0.083336,-2.9,0.120563,-0.106066,-8,0.102529,-0.106066,-2.9,0.10253,-0.124721,-8,0.080557,-0.124721,-2.9,0.080558,-0.138582,-8,0.055488,-0.138582,-2.9,0.055489,-0.147118,-8,0.028287,-0.147118,-2.9,0.028288,-0.15,-8,-1e-06,-0.15,-2.9,-0,-0.147118,-8,-0.028289,-0.147118,-2.9,-0.028288,-0.138582,-8,-0.05549,-0.138582,-2.9,-0.055489,-0.12472,-8,-0.080559,-0.12472,-2.9,-0.080558,-0.106066,-8,-0.102532,-0.106066,-2.9,-0.102531,-0.083335,-8,-0.120564,-0.083335,-2.9,-0.120563,-0.057402,-8,-0.133964,-0.029263,-8,-0.142215,-0.029263,-2.9,-0.142214,-0.057402,-2.9,-0.133963,0.172207,-8,0.415745,0.172207,-8,0.415745,0.087791,-8,0.441352,0.087791,-8,0.441352,0.318198,-24,0.318195,0.318198,-24,0.318195,0.318198,-8,0.318197,0.318198,-8,0.318197,-0.318198,-8,0.318197,-0.318198,-8,0.318197,-0.374161,-8,0.250005,-0.374161,-8,0.250005,-0.45,-24,-3e-06,-0.45,-24,-3e-06,-0.441353,-24,-0.087794,-0.441353,-24,-0.087794,0.172207,-24,0.415743,0.172207,-24,0.415743,-0.415746,-8,0.172206,-0.415746,-8,0.172206,-0.441353,-8,0.087789,-0.441353,-8,0.087789,0,-8,0.449999,0,-8,0.449999,-0.318198,-24,-0.318201,-0.318198,-24,-0.318201,-0.250006,-24,-0.374165,-0.250006,-24,-0.374165,-0.318198,-24,0.318195,-0.318198,-24,0.318195,0.318198,-8,-0.318199,0.318198,-8,-0.318199,0.374161,-8,-0.250008,0.374161,-8,-0.250008,-0.172208,-8,0.415745,-0.172208,-8,0.415745,-0.250007,-8,0.37416,-0.250007,-8,0.37416,-0.415746,-24,0.172204,-0.415746,-24,0.172204,0.415746,-8,-0.172209,0.415746,-8,-0.172209,0.441353,-8,-0.087792,0.441353,-8,-0.087792,0.318198,-24,-0.318201,0.318198,-24,-0.318201,0.415746,-24,-0.172211,0.415746,-24,-0.172211,-0.172208,-24,0.415743,-0.172208,-24,0.415743,0.415746,-24,0.172204,0.415746,-24,0.172204,0.374161,-24,0.250004,0.374161,-24,0.250004,0.172208,-8,-0.415747,0.172208,-8,-0.415747,0.250007,-8,-0.374162,0.250007,-8,-0.374162,-0.087791,-8,0.441352,-0.087791,-8,0.441352,0,-8,-0.450001,0,-8,-0.450001,-0.08779,-8,-0.441354,-0.08779,-8,-0.441354,0.172208,-24,-0.415749,0.172208,-24,-0.415749,-0.415746,-8,-0.172209,-0.415746,-8,-0.172209,-0.374161,-8,-0.250008,-0.374161,-8,-0.250008,0,-24,0.449997,0,-24,0.449997,0.45,-24,-3e-06,0.45,-24,-3e-06,0.441353,-24,0.087788,0.441353,-24,0.087788,0.087791,-8,-0.441354,0.087791,-8,-0.441354,-0.415746,-24,-0.172211,-0.415746,-24,-0.172211,0,-24,-0.450003,0,-24,-0.450003,-0.45,-8,-1e-06,-0.45,-8,-1e-06,-0.441353,-8,-0.087792,-0.441353,-8,-0.087792,0.250007,-24,0.374158,0.250007,-24,0.374158,-0.374161,-24,0.250003,-0.374161,-24,0.250003,0.087791,-24,0.44135,0.087791,-24,0.44135,-0.250006,-8,-0.374163,-0.250006,-8,-0.374163,-0.172207,-8,-0.415747,-0.172207,-8,-0.415747,-0.318198,-8,-0.318199,-0.318198,-8,-0.318199,0.374161,-8,0.250006,0.374161,-8,0.250006,-0.441353,-24,0.087787,-0.441353,-24,0.087787,0.374161,-24,-0.25001,0.374161,-24,-0.25001,-0.172207,-24,-0.415749,-0.172207,-24,-0.415749,-0.08779,-24,-0.441356,-0.08779,-24,-0.441356,0.441353,-24,-0.087794,0.441353,-24,-0.087794,-0.250007,-24,0.374158,-0.250007,-24,0.374158,-0.087791,-24,0.44135,-0.087791,-24,0.44135,0.441353,-8,0.08779,0.441353,-8,0.08779,0.415746,-8,0.172206,0.415746,-8,0.172206,0.250007,-24,-0.374164,0.250007,-24,-0.374164,0.45,-8,-1e-06,0.45,-8,-1e-06,0.250007,-8,0.37416,0.250007,-8,0.37416,-0.374161,-24,-0.25001,-0.374161,-24,-0.25001,0.087791,-24,-0.441356,0.087791,-24,-0.441356,0.057402,-2.9,0.133963,0.057402,-2.9,0.133963,0.029264,-2.9,0.142214,0.029264,-2.9,0.142214,0.106066,-8,0.102529,0.106066,-8,0.102529,0.106066,-2.9,0.10253,0.106066,-2.9,0.10253,-0.106066,-2.9,0.10253,-0.106066,-2.9,0.10253,-0.124721,-2.9,0.080558,-0.124721,-2.9,0.080558,-0.15,-8,-1e-06,-0.15,-8,-1e-06,-0.147118,-8,-0.028289,-0.147118,-8,-0.028289,0.057402,-8,0.133962,0.057402,-8,0.133962,-0.138582,-2.9,0.055489,-0.138582,-2.9,0.055489,-0.147118,-2.9,0.028288,-0.147118,-2.9,0.028288,0,-2.9,0.145,0,-2.9,0.145,-0.106066,-8,-0.102532,-0.106066,-8,-0.102532,-0.083335,-8,-0.120564,-0.083335,-8,-0.120564,-0.106066,-8,0.102529,-0.106066,-8,0.102529,0.106066,-2.9,-0.10253,0.106066,-2.9,-0.10253,0.12472,-2.9,-0.080558,0.12472,-2.9,-0.080558,-0.057403,-2.9,0.133963,-0.057403,-2.9,0.133963,-0.083336,-2.9,0.120563,-0.083336,-2.9,0.120563,-0.138582,-8,0.055488,-0.138582,-8,0.055488,0.138582,-2.9,-0.055489,0.138582,-2.9,-0.055489,0.147118,-2.9,-0.028288,0.147118,-2.9,-0.028288,0.106066,-8,-0.102531,0.106066,-8,-0.102531,0.138582,-8,-0.05549,0.138582,-8,-0.05549,-0.057403,-8,0.133962,-0.057403,-8,0.133962,0.138582,-8,0.055488,0.138582,-8,0.055488,0.12472,-8,0.080557,0.12472,-8,0.080557,0.057403,-2.9,-0.133963,0.057403,-2.9,-0.133963,0.083336,-2.9,-0.120563,0.083336,-2.9,-0.120563,-0.029264,-2.9,0.142214,-0.029264,-2.9,0.142214,0,-2.9,-0.145,0,-2.9,-0.145,-0.029263,-2.9,-0.142214,-0.029263,-2.9,-0.142214,0.057403,-8,-0.133964,0.057403,-8,-0.133964,-0.138582,-2.9,-0.055489,-0.138582,-2.9,-0.055489,-0.12472,-2.9,-0.080558,-0.12472,-2.9,-0.080558,0,-8,0.144999,0,-8,0.144999,0.15,-8,-1e-06,0.15,-8,-1e-06,0.147118,-8,0.028287,0.147118,-8,0.028287,0.029264,-2.9,-0.142214,0.029264,-2.9,-0.142214,-0.138582,-8,-0.05549,-0.138582,-8,-0.05549,0,-8,