{
    "uvs":[],
    "materials":[{
        "visible":true,
        "colorEmissive":[0,0,0],
        "DbgIndex":0,
        "transparent":true,
        "depthWrite":true,
        "shading":"phong",
        "DbgName":"Material.012",
        "wireframe":false,
        "colorSpecular":[0.5,0.5,0.5],
        "specularCoef":49,
        "opacity":1,
        "DbgColor":15658734,
        "depthTest":true,
        "colorDiffuse":[0.8,0,0.8],
        "blending":"NormalBlending"
    }],
    "metadata":{
        "materials":1,
        "generator":"io_three",
        "uvs":0,
        "version":3,
        "type":"Geometry",
        "vertices":328,
        "faces":244,
        "normals":71
    },
    "vertices":[0.068282,-3.4,-0.343274,0.068282,-6.9,-0.343275,0,-3.4,-0.35,0.133939,-6.9,-0.323357,0.19445,-3.4,-0.291013,0.19445,-6.9,-0.291014,0.133939,-3.4,-0.323356,0.247487,-3.4,-0.247488,0.247487,-6.9,-0.247489,0.291014,-3.4,-0.194448,0.291014,-6.9,-0.194449,0.323358,-3.4,-0.133939,0.323358,-6.9,-0.13394,0.343275,-3.4,-0.068279,0.343275,-6.9,-0.06828,0.35,-3.4,3e-06,0.35,-6.9,2e-06,0.343275,-3.4,0.068282,0.343275,-6.9,0.068281,0.323358,-3.4,0.133942,0.323358,-6.9,0.133941,0.291014,-3.4,0.194453,0.291014,-6.9,0.194452,0.247487,-3.4,0.24749,0.247487,-6.9,0.247489,0.19445,-3.4,0.291016,0.19445,-6.9,0.291015,0.133939,-3.4,0.323361,0.133939,-6.9,0.32336,0.068282,-3.4,0.343276,0.068282,-6.9,0.343275,0,-3.4,0.350003,0,-6.9,0.350002,0,-3.4,-0.343274,0,-3.4,-0.336547,0,-3.4,-0.310165,0,-3.4,-0.323356,0,-3.4,-0.291013,0,-3.4,-0.271859,0,-3.4,-0.247488,0,-3.4,-0.223111,0,-3.4,-0.194448,0,-3.4,-0.165788,0,-3.4,-0.144666,0.028223,-3.4,-0.141886,0.054423,-3.4,-0.133939,0.055362,-3.4,-0.133653,0.080372,-3.4,-0.120283,0.091555,-3.4,-0.111108,0.102295,-3.4,-0.102293,0.120286,-3.4,-0.08037,0.126749,-3.4,-0.068279,0.13593,-3.4,-0.047857,0.133655,-3.4,-0.05536,0.141887,-3.4,-0.028222,0.144667,-3.4,3e-06,0.142655,-3.4,0.020422,0.141887,-3.4,0.028225,0.133655,-3.4,0.055363,0.126749,-3.4,0.068282,0.111472,-3.4,0.091113,0.120286,-3.4,0.080373,0.080372,-3.4,0.120286,0.055362,-3.4,0.133656,0.102295,-3.4,0.102296,0.054424,-3.4,0.133942,0,-3.4,0.165788,0,-3.4,0.144668,0.028223,-3.4,0.141888,0,-3.4,0.194453,0,-3.4,0.223113,0,-3.4,0.24749,0,-3.4,0.271865,0,-3.4,0.291016,0,-3.4,0.310167,0,-3.4,0.323361,0,-3.4,0.336552,0,-3.4,0.343276,0,-6.9,-0.350001,0,-6.9,-0.343275,0,-6.9,-0.336548,0,-6.9,-0.323357,0,-6.9,-0.310166,0,-6.9,-0.291014,0,-6.9,-0.27186,0,-6.9,-0.247489,0,-6.9,-0.223112,0,-6.9,-0.194449,0,-6.9,-0.165789,0.028223,-6.9,-0.141887,0,-6.9,-0.144667,0.054423,-6.9,-0.13394,0.080372,-6.9,-0.120284,0.055362,-6.9,-0.133654,0.091555,-6.9,-0.111109,0.120286,-6.9,-0.080371,0.102295,-6.9,-0.102294,0.13593,-6.9,-0.047858,0.133655,-6.9,-0.055361,0.126749,-6.9,-0.06828,0.141887,-6.9,-0.028223,0.142655,-6.9,0.020421,0.144667,-6.9,2e-06,0.133655,-6.9,0.055362,0.141887,-6.9,0.028224,0.126749,-6.9,0.068281,0.111472,-6.9,0.091112,0.120286,-6.9,0.080372,0.055362,-6.9,0.133655,0.080372,-6.9,0.120285,0.102295,-6.9,0.102295,0.054424,-6.9,0.133941,0.028223,-6.9,0.141887,0,-6.9,0.144667,0,-6.9,0.165787,0,-6.9,0.194452,0,-6.9,0.223112,0,-6.9,0.247489,0,-6.9,0.271864,0,-6.9,0.291015,0,-6.9,0.310166,0,-6.9,0.32336,0,-6.9,0.336551,0,-6.9,0.343275,0,-6.9,-0.27186,0,-6.9,-0.247489,0.323358,-6.9,-0.13394,0.323358,-6.9,-0.13394,0.323358,-6.9,-0.13394,0.323358,-6.9,-0.13394,0.054423,-6.9,-0.13394,0.054423,-6.9,-0.13394,0.080372,-6.9,-0.120284,0.080372,-6.9,-0.120284,0.055362,-6.9,-0.133654,0.055362,-6.9,-0.133654,0.055362,-6.9,-0.133654,0,-3.4,0.336552,0,-3.4,0.343276,0.055362,-6.9,0.133655,0.055362,-6.9,0.133655,0.055362,-6.9,0.133655,0.054424,-6.9,0.133941,0.054424,-6.9,0.133941,0.111472,-6.9,0.091112,0.120286,-6.9,0.080372,0.120286,-6.9,0.080372,0.323358,-3.4,0.133942,0.323358,-3.4,0.133942,0.323358,-3.4,0.133942,0.323358,-3.4,0.133942,0.054424,-3.4,0.133942,0.054424,-3.4,0.133942,0.133655,-6.9,-0.055361,0.133655,-6.9,-0.055361,0.126749,-6.9,-0.06828,0,-3.4,-0.144666,0,-3.4,-0.144666,0,-6.9,-0.144667,0,-6.9,-0.144667,0,-6.9,0.165787,0,-6.9,0.194452,0,-6.9,0.336551,0,-6.9,0.343275,0.055362,-3.4,-0.133653,0.055362,-3.4,-0.133653,0.080372,-3.4,-0.120283,0.080372,-3.4,-0.120283,0,-3.4,-0.271859,0,-3.4,-0.247488,0.141887,-3.4,-0.028222,0.141887,-3.4,-0.028222,0.144667,-3.4,3e-06,0.144667,-3.4,3e-06,0.343275,-3.4,0.068282,0.343275,-3.4,0.068282,0.080372,-3.4,0.120286,0.080372,-3.4,0.120286,0.055362,-3.4,0.133656,0.055362,-3.4,0.133656,0.055362,-3.4,0.133656,0.19445,-3.4,0.291016,0.19445,-3.4,0.291016,0.133939,-3.4,0.323361,0.133939,-3.4,0.323361,0.291014,-3.4,-0.194448,0.291014,-3.4,-0.194448,0.323358,-3.4,-0.133939,0.323358,-3.4,-0.133939,0.068282,-6.9,-0.343275,0.068282,-6.9,-0.343275,0.133939,-6.9,-0.323357,0.133939,-6.9,-0.323357,0.068282,-3.4,-0.343274,0.068282,-3.4,-0.343274,0,-6.9,-0.291014,0.091555,-6.9,-0.111109,0,-3.4,0.323361,0,-3.4,0.144668,0,-3.4,0.144668,0.028223,-3.4,0.141888,0.028223,-3.4,0.141888,0.142655,-6.9,0.020421,0.141887,-6.9,0.028224,0.141887,-6.9,0.028224,0.141887,-6.9,-0.028223,0.141887,-6.9,-0.028223,0.144667,-6.9,2e-06,0.144667,-6.9,2e-06,0,-6.9,-0.350001,0,-6.9,-0.350001,0.120286,-3.4,-0.08037,0.120286,-3.4,-0.08037,0.120286,-6.9,-0.080371,0.120286,-6.9,-0.080371,0,-6.9,0.223112,0.091555,-3.4,-0.111108,0,-3.4,-0.223111,0.142655,-3.4,0.020422,0.35,-6.9,2e-06,0.35,-6.9,2e-06,0.343275,-6.9,0.068281,0.343275,-6.9,0.068281,0.247487,-3.4,0.24749,0.247487,-3.4,0.24749,0.247487,-6.9,0.247489,0.247487,-6.9,0.247489,0.19445,-6.9,0.291015,0.19445,-6.9,0.291015,0.247487,-6.9,-0.247489,0.247487,-6.9,-0.247489,0.291014,-6.9,-0.194449,0.291014,-6.9,-0.194449,0,-3.4,0.350003,0,-3.4,0.350003,0,-6.9,0.350002,0,-6.9,0.350002,0.35,-3.4,3e-06,0.35,-3.4,3e-06,0.247487,-3.4,-0.247488,0.247487,-3.4,-0.247488,0,-3.4,-0.35,0,-3.4,-0.35,0,-6.9,-0.223112,0,-6.9,-0.194449,0,-6.9,-0.343275,0,-3.4,0.223113,0,-3.4,0.24749,0.126749,-6.9,0.068281,0.080372,-6.9,0.120285,0.080372,-6.9,0.120285,0,-6.9,0.247489,0.028223,-3.4,-0.141886,0.028223,-3.4,-0.141886,0.054423,-3.4,-0.133939,0.291014,-3.4,0.194453,0.291014,-3.4,0.194453,0.068282,-3.4,0.343276,0.068282,-3.4,0.343276,0.13593,-3.4,-0.047857,0.133655,-3.4,-0.05536,0.133655,-3.4,-0.05536,0.343275,-3.4,-0.068279,0.343275,-3.4,-0.068279,0.111472,-3.4,0.091113,0.120286,-3.4,0.080373,0.120286,-3.4,0.080373,0.19445,-6.9,-0.291014,0.19445,-6.9,-0.291014,0.323358,-6.9,0.133941,0.323358,-6.9,0.133941,0.323358,-6.9,0.133941,0.323358,-6.9,0.133941,0.102295,-6.9,-0.102294,0.102295,-6.9,-0.102294,0,-6.9,-0.323357,0,-6.9,-0.310166,0.028223,-6.9,-0.141887,0.028223,-6.9,-0.141887,0,-3.4,0.291016,0,-3.4,0.310167,0.13593,-6.9,-0.047858,0,-6.9,0.144667,0,-6.9,0.144667,0,-6.9,0.32336,0,-3.4,-0.194448,0,-3.4,-0.165788,0,-3.4,-0.343274,0,-3.4,-0.336547,0.102295,-3.4,-0.102293,0.102295,-3.4,-0.102293,0.102295,-3.4,0.102296,0.102295,-3.4,0.102296,0.141887,-3.4,0.028225,0.141887,-3.4,0.028225,0.133655,-3.4,0.055363,0.133655,-3.4,0.055363,0.291014,-6.9,0.194452,0.291014,-6.9,0.194452,0.133939,-3.4,-0.323356,0.133939,-3.4,-0.323356,0.068282,-6.9,0.343275,0.068282,-6.9,0.343275,0.133655,-6.9,0.055362,0.133655,-6.9,0.055362,0.343275,-6.9,-0.06828,0.343275,-6.9,-0.06828,0,-3.4,0.165788,0,-3.4,0.194453,0,-6.9,-0.336548,0,-3.4,0.271865,0,-6.9,0.271864,0,-6.9,0.291015,0,-3.4,-0.310165,0,-3.4,-0.291013,0.126749,-3.4,-0.068279,0.126749,-3.4,0.068282,0.19445,-3.4,-0.291013,0.19445,-3.4,-0.291013,0.102295,-6.9,0.102295,0.102295,-6.9,0.102295,0,-6.9,-0.165789,0.028223,-6.9,0.141887,0.028223,-6.9,0.141887,0,-6.9,0.310166,0,-3.4,-0.323356,0.133939,-6.9,0.32336,0.133939,-6.9,0.32336],
    "name":"Cylinder.026_Cylinder.036Geometry",