{
    "uvs":[],
    "materials":[{
        "visible":true,
        "colorEmissive":[0,0,0],
        "DbgIndex":0,
        "transparent":true,
        "depthWrite":true,
        "shading":"phong",
        "DbgName":"Material.013",
        "wireframe":false,
        "colorSpecular":[0.5,0.5,0.5],
        "specularCoef":49,
        "opacity":1,
        "DbgColor":15658734,
        "depthTest":true,
        "colorDiffuse":[0,0.64,0],
        "blending":"NormalBlending"
    }],
    "metadata":{
        "materials":1,
        "generator":"io_three",
        "uvs":0,
        "version":3,
        "type":"Geometry",
        "vertices":400,
        "faces":308,
        "normals":78
    },
    "vertices":[0.75,-6,-1e-06,0.75,-3.5,-0,0.735589,-6,0.146317,0.69291,-3.5,0.287013,0.69291,-6,0.287012,0.735589,-3.5,0.146318,0.623602,-6,0.416677,0.623602,-3.5,0.416678,0.53033,-6,0.530329,0.53033,-3.5,0.53033,0.416677,-6,0.623602,0.416677,-3.5,0.623603,0.287012,-6,0.692909,0.287012,-3.5,0.69291,0.146317,-6,0.735588,0.146317,-3.5,0.735589,0,-6,0.749999,0,-3.5,-0.75,1e-06,-3.5,-0.75,0,-6,-0.750001,1e-06,-6,-0.750001,0.146319,-6,-0.73559,0.146319,-3.5,-0.735589,0.287014,-6,-0.69291,0.287014,-3.5,-0.692909,0.416679,-6,-0.623603,0.416679,-3.5,-0.623602,0.530331,-6,-0.53033,0.530331,-3.5,-0.530329,0.623603,-6,-0.416678,0.623603,-3.5,-0.416677,0.69291,-6,-0.287012,0.735589,-3.5,-0.146316,0.69291,-3.5,-0.287011,0.372698,-3.5,-0.074134,0.38,-3.5,-0,0.372698,-3.5,0.074134,0.351074,-3.5,-0.14542,0.365045,-3.5,0.099364,0.338646,-3.5,-0.168671,0.315958,-3.5,-0.211117,0.287013,-3.5,-0.246386,0.351074,-3.5,0.14542,0.315958,-3.5,0.211117,0.287013,-3.5,0.246387,0.211117,-3.5,-0.315958,0.268701,-3.5,-0.268701,0.268701,-3.5,0.268701,0.246987,-3.5,0.286521,0.227377,-3.5,0.302614,0.232097,-3.5,0.298741,0.186344,-3.5,-0.3292,0.169356,-3.5,-0.33828,0.218431,-3.5,0.309956,0.163971,-3.5,-0.341158,0.153766,-3.5,-0.346613,0.211117,-3.5,0.315958,0.20512,-3.5,0.319164,0.146319,-3.5,-0.350594,0.146318,-3.5,0.350594,0.115603,-3.5,0.360119,0.11717,-3.5,0.359644,0.119885,-3.5,0.35882,0.138913,-3.5,0.353048,0.14542,-3.5,0.351074,0.138914,-3.5,-0.353048,0.119886,-3.5,-0.35882,0.11717,-3.5,-0.359644,0.14542,-3.5,-0.351074,0.115604,-3.5,-0.360119,0.112244,-3.5,-0.361138,0.107136,-3.5,-0.362687,0.112243,-3.5,0.361138,0.109519,-3.5,0.361965,0.097764,-3.5,-0.365531,0.074134,-3.5,-0.372698,0.027358,-3.5,-0.377305,0.024573,-3.5,-0.37758,0.019036,-3.5,-0.378125,0.034321,-3.5,-0.37662,0.009755,-3.5,-0.379039,0.0368,-3.5,-0.376376,1e-06,-3.5,-0.38,0.083514,-3.5,0.369853,0.092438,-3.5,0.367146,0.097763,-3.5,0.365531,0.100441,-3.5,0.364718,0.107135,-3.5,0.362688,0.074134,-3.5,0.372698,0.074134,-3.5,0.372698,0,-3.5,0.38,0,-3.5,0.75,0,-3.5,-0.38,0,-3.5,0.38,0,-3.5,0.38,0.735589,-6,-0.146317,0.38,-6,-1e-06,0.372698,-6,-0.074135,0.372698,-6,0.074133,0.351074,-6,-0.145421,0.365045,-6,0.099363,0.338646,-6,-0.168672,0.315958,-6,-0.211118,0.287013,-6,-0.246387,0.315958,-6,0.211116,0.351074,-6,0.145419,0.268701,-6,-0.268702,0.211117,-6,-0.315959,0.186344,-6,-0.329201,0.268701,-6,0.2687,0.287013,-6,0.246386,0.246987,-6,0.28652,0.169356,-6,-0.338281,0.232097,-6,0.29874,0.163971,-6,-0.341159,0.227377,-6,0.302613,0.218431,-6,0.309955,0.153766,-6,-0.346614,0.211117,-6,0.315957,0.20512,-6,0.319163,0.146319,-6,-0.350595,0.112244,-6,-0.361139,0.115604,-6,-0.36012,0.11717,-6,-0.359645,0.119886,-6,-0.358821,0.138914,-6,-0.353049,0.14542,-6,-0.351075,0.138913,-6,0.353047,0.119885,-6,0.358819,0.11717,-6,0.359643,0.146318,-6,0.350593,0.14542,-6,0.351073,0.115603,-6,0.360118,0.107136,-6,-0.362688,0.112243,-6,0.361137,0.109519,-6,0.361964,0.097764,-6,-0.365532,0.074134,-6,-0.372699,0.0368,-6,-0.376377,0.024573,-6,-0.377581,0.027358,-6,-0.377306,0.019036,-6,-0.378126,0.034321,-6,-0.376621,0.009755,-6,-0.37904,1e-06,-6,-0.380001,0.100441,-6,0.364717,0.097763,-6,0.36553,0.092438,-6,0.367145,0.083514,-6,0.369852,0.107135,-6,0.362687,0.074134,-6,0.372697,0.074134,-6,0.372697,0,-6,-0.380001,0,-6,0.379999,0,-6,0.379999,0,-6,0.379999,0.092438,-3.5,0.367146,0.097763,-3.5,0.365531,0.351074,-6,-0.145421,0.351074,-6,-0.145421,0.338646,-6,-0.168672,0.027358,-3.5,-0.377305,0.024573,-3.5,-0.37758,0,-6,0.749999,0,-6,0.749999,0,-3.5,0.75,0,-3.5,0.75,0.0368,-6,-0.376377,0.034321,-6,-0.376621,0,-3.5,-0.38,0,-3.5,-0.38,0,-3.5,-0.38,0,-3.5,-0.38,0.009755,-6,-0.37904,0.009755,-6,-0.37904,0.009755,-6,-0.37904,0.268701,-6,-0.268702,0.268701,-6,-0.268702,0.211117,-6,-0.315959,0.211117,-6,-0.315959,1e-06,-6,-0.380001,1e-06,-6,-0.380001,0.11717,-6,0.359643,0.115603,-6,0.360118,0.115604,-6,-0.36012,0.11717,-6,-0.359645,0.227377,-3.5,0.302614,0.218431,-3.5,0.309956,0.163971,-3.5,-0.341158,0.153766,-3.5,-0.346613,0,-3.5,0.38,0,-3.5,0.38,0,-6,0.379999,0,-6,0.379999,0,-3.5,-0.75,0,-3.5,-0.75,0,-6,-0.750001,0,-6,-0.750001,0.351074,-3.5,0.14542,0.351074,-3.5,0.14542,0.351074,-6,0.145419,0.351074,-6,0.145419,0.119885,-3.5,0.35882,0.138913,-3.5,0.353048,0.416679,-6,-0.623603,0.416679,-6,-0.623603,0.530331,-6,-0.53033,0.530331,-6,-0.53033,0.735589,-6,0.146317,0.735589,-6,0.146317,0.735589,-3.5,0.146318,0.735589,-3.5,0.146318,0.53033,-3.5,0.53033,0.53033,-3.5,0.53033,0.416677,-3.5,0.623603,0.416677,-3.5,0.623603,0.372698,-3.5,-0.074134,0.372698,-3.5,-0.074134,0.372698,-6,-0.074135,0.372698,-6,-0.074135,0.69291,-3.5,0.287013,0.69291,-3.5,0.287013,0.623602,-3.5,0.416678,0.623602,-3.5,0.416678,0.109519,-6,0.361964,0.107135,-6,0.362687,0.69291,-6,-0.287012,0.69291,-6,-0.287012,0.69291,-3.5,-0.287011,0.69291,-3.5,-0.287011,0.53033,-6,0.530329,0.53033,-6,0.530329,0.75,-6,-1e-06,0.75,-6,-1e-06,0.75,-3.5,-0,0.75,-3.5,-0,0.083514,-3.5,0.369853,0.315958,-6,0.211116,0.315958,-6,0.211116,0.287013,-6,0.246386,0.024573,-6,-0.377581,0.019036,-6,-0.378126,0.146319,-6,-0.350595,0.14542,-6,-0.351075,0.14542,-6,-0.351075,0.186344,-6,-0.329201,0.153766,-6,-0.346614,0.074134,-6,0.372697,0.074134,-6,0.372697,0.074134,-6,0.372697,0.074134,-6,0.372697,0.074134,-6,0.372697,0.074134,-6,0.372697,0.218431,-6,0.309955,0.211117,-6,0.315957,0.211117,-6,0.315957,0.227377,-6,0.302613,0.112243,-6,0.361137,0,-6,-0.380001,0,-6,-0.380001,0.119886,-6,-0.358821,0.268701,-3.5,0.268701,0.268701,-3.5,0.268701,0.246987,-3.5,0.286521,1e-06,-3.5,-0.75,1e-06,-3.5,-0.75,0.146319,-3.5,-0.735589,0.146319,-3.5,-0.735589,0.146318,-3.5,0.350594,0.14542,-3.5,0.351074,0.14542,-3.5,0.351074,0.338646,-3.5,-0.168671,0.315958,-3.5,-0.211117,0.315958,-3.5,-0.211117,0.211117,-3.5,-0.315958,0.211117,-3.5,-0.315958,0.186344,-3.5,-0.3292,0.232097,-3.5,0.298741,0.287014,-6,-0.69291,0.287014,-6,-0.69291,0.287014,-3.5,-0.692909,0.287014,-3.5,-0.692909,0.416679,-3.5,-0.623602,0.416679,-3.5,-0.623602,0.416677,-6,0.623602,0.416677,-6,0.623602,0.11717,-3.5,-0.359644,0.115604,-3.5,-0.360119,0.38,-3.5,-0,0.38,-3.5,-0,0.38,-6,-1e-06,0.38,-6,-1e-06,0.100441,-3.5,0.364718,0.107135,-3.5,0.362688,0.112244,-3.5,-0.361138,0.107136,-3.5,-0.362687,0.100441,-6,0.364717,0.097763,-6,0.36553,0,-6,0.379999,0,-6,0.379999,0,-6,0.379999,0.232097,-6,0.29874,0.074134,-6,-0.372699,0.074134,-6,-0.372699,0.138914,-6,-0.353049,0.735589,-6,-0.146317,0.735589,-6,-0.146317,0.20512,-3.5,0.319164,0.623603,-6,-0.416678,0.623603,-6,-0.416678,0.287012,-3.5,0.69291,0.287012,-3.5,0.69291,0.115603,-3.5,0.360119,0.11717,-3.5,0.359644,0.074134,-3.5,0.372698,0.074134,-3.5,0.372698,0.074134,-3.5,0.372698,0.074134,-3.5,0.372698,0,-6,0.379999,0,-6,0.379999,0.623603,-3.5,-0.416677,0.623603,-3.5,-0.416677,0.146317,-6,0.735588,0.146317,-6,0.735588,0.146317,-6,0.735588,0.146317,-6,0.735588,0.146317,-3.5,0.735589,0.146317,-3.5,0.735589,0.623602,-6,0.416677,0.623602,-6,0.416677,0.019036,-3.5,-0.378125,0.009755,-3.5,-0.379039,0.138914,-3.5,-0.353048,0.119886,-3.5,-0.35882,0.315958,-6,-0.211118,0.315958,-6,-0.211118,0.315958,-3.5,0.211117,0.315958,-3.5,0.211117,0.112244,-6,-0.361139,0.246987,-6,0.28652,0.268701,-3.5,-0.268701,0.268701,-3.5,-0.268701,0.211117,-3.5,0.315958,0.211117,-3.5,0.315958,0.20512,-6,0.319163,0.146318,-6,0.350593,0,-3.5,0.38,0,-3.5,0.38,