{
    "uvs":[],
    "materials":[{
        "visible":true,
        "colorEmissive":[0,0,0],
        "DbgIndex":0,
        "transparent":true,
        "depthWrite":true,
        "shading":"phong",
        "DbgName":"None.001",
        "wireframe":false,
        "colorSpecular":[0.8,0.8,0.8],
        "specularCoef":1,
        "opacity":1,
        "DbgColor":15658734,
        "depthTest":true,
        "colorDiffuse":[0.8,0.8,0.8],
        "blending":"NormalBlending"
    }],
    "metadata":{
        "materials":1,
        "generator":"io_three",
        "uvs":0,
        "version":3,
        "type":"Geometry",
        "vertices":384,
        "faces":248,
        "normals":42
    },
    "vertices":[0,4.47286,-0.499999,0,7.68714,-0.499999,0.097545,4.47286,-0.490392,0.097545,7.68714,-0.490392,0.191342,4.47286,-0.461939,0.191342,7.68714,-0.461939,0.277785,4.47286,-0.415734,0.277785,7.68714,-0.415734,0.353553,4.47286,-0.353552,0.353553,7.68714,-0.353552,0.415735,4.47286,-0.277784,0.415735,7.68714,-0.277784,0.46194,4.47286,-0.191341,0.46194,7.68714,-0.191341,0.490393,4.47286,-0.097544,0.490393,7.68714,-0.097544,0.5,4.47286,1e-06,0.5,7.68714,1e-06,0.490393,4.47286,0.097546,0.490393,7.68714,0.097546,0.46194,4.47286,0.191343,0.46194,7.68714,0.191343,0.415735,4.47286,0.277786,0.415735,7.68714,0.277786,0.353553,4.47286,0.353554,0.353553,7.68714,0.353554,0.277785,4.47286,0.415736,0.277785,7.68714,0.415736,0.191342,4.47286,0.461941,0.191342,7.68714,0.461941,0.097545,4.47286,0.490394,0.097545,7.68714,0.490394,0,4.47286,0.500001,0,7.68714,0.500001,-0.097545,4.47286,0.490394,-0.097545,7.68714,0.490394,-0.191342,4.47286,0.461941,-0.191342,7.68714,0.461941,-0.277785,4.47286,0.415736,-0.277785,7.68714,0.415736,-0.353554,4.47286,0.353554,-0.353554,7.68714,0.353554,-0.415735,4.47286,0.277786,-0.415735,7.68714,0.277786,-0.46194,4.47286,0.191342,-0.46194,7.68714,0.191342,-0.490393,4.47286,0.097546,-0.490393,7.68714,0.097546,-0.5,4.47286,1e-06,-0.5,7.68714,1e-06,-0.490393,4.47286,-0.097545,-0.490393,7.68714,-0.097545,-0.46194,4.47286,-0.191341,-0.46194,7.68714,-0.191341,-0.415734,4.47286,-0.277785,-0.415734,7.68714,-0.277785,-0.353553,4.47286,-0.353553,-0.353553,7.68714,-0.353553,-0.277785,4.47286,-0.415734,-0.277785,7.68714,-0.415734,-0.191341,4.47286,-0.461939,-0.097544,4.47286,-0.490392,-0.097544,7.68714,-0.490392,-0.191341,7.68714,-0.461939,0,7.61571,-0.749999,0,7.97286,-0.749999,0.146318,7.61571,-0.735588,0.146318,7.97286,-0.735588,0.287013,7.61571,-0.692909,0.287013,7.97286,-0.692909,0.416678,7.61571,-0.623601,0.416678,7.97286,-0.623601,0.53033,7.61571,-0.530329,0.53033,7.97286,-0.530329,0.623602,7.61571,-0.416677,0.623602,7.97286,-0.416677,0.69291,7.61571,-0.287012,0.69291,7.97286,-0.287012,0.735589,7.61571,-0.146317,0.735589,7.97286,-0.146317,0.75,7.61571,1e-06,0.75,7.97286,1e-06,0.735589,7.61571,0.146319,0.735589,7.97286,0.146319,0.69291,7.61571,0.287013,0.69291,7.97286,0.287013,0.623602,7.61571,0.416679,0.623602,7.97286,0.416679,0.53033,7.61571,0.530331,0.53033,7.97286,0.530331,0.416678,7.61571,0.623603,0.416678,7.97286,0.623603,0.287012,7.61571,0.692911,0.287012,7.97286,0.692911,0.146318,7.61571,0.73559,0.146318,7.97286,0.73559,0,7.61571,0.750001,0,7.97286,0.750001,-0.146318,7.61571,0.73559,-0.146318,7.97286,0.73559,-0.287013,7.61571,0.69291,-0.287013,7.97286,0.69291,-0.416678,7.61571,0.623603,-0.416678,7.97286,0.623603,-0.53033,7.61571,0.530331,-0.53033,7.97286,0.530331,-0.623603,7.61571,0.416678,-0.623603,7.97286,0.416678,-0.69291,7.61571,0.287013,-0.69291,7.97286,0.287013,-0.735589,7.61571,0.146318,-0.735589,7.97286,0.146318,-0.75,7.61571,-0,-0.75,7.97286,-0,-0.735589,7.61571,-0.146318,-0.735589,7.97286,-0.146318,-0.692909,7.61571,-0.287012,-0.692909,7.97286,-0.287012,-0.623602,7.61571,-0.416677,-0.623602,7.97286,-0.416677,-0.530329,7.61571,-0.53033,-0.530329,7.97286,-0.53033,-0.416677,7.61571,-0.623602,-0.416677,7.97286,-0.623602,-0.287012,7.61571,-0.692909,-0.146317,7.61571,-0.735588,-0.146317,7.97286,-0.735588,-0.287012,7.97286,-0.692909,0.287012,7.97286,0.692911,0.287012,7.97286,0.692911,0.146318,7.97286,0.73559,0.146318,7.97286,0.73559,0.69291,7.61571,0.287013,0.69291,7.61571,0.287013,0.69291,7.97286,0.287013,0.69291,7.97286,0.287013,-0.623603,7.97286,0.416678,-0.623603,7.97286,0.416678,-0.69291,7.97286,0.287013,-0.69291,7.97286,0.287013,0.69291,7.97286,-0.287012,0.69291,7.97286,-0.287012,0.735589,7.97286,-0.146317,0.735589,7.97286,-0.146317,-0.146318,7.97286,0.73559,-0.146318,7.97286,0.73559,-0.287013,7.97286,0.69291,-0.287013,7.97286,0.69291,0.287013,7.97286,-0.692909,0.287013,7.97286,-0.692909,0.416678,7.97286,-0.623601,0.416678,7.97286,-0.623601,-0.277785,7.68714,0.415736,-0.277785,7.68714,0.415736,-0.353554,7.68714,0.353554,-0.353554,7.68714,0.353554,0.287012,7.61571,0.692911,0.287012,7.61571,0.692911,-0.735589,7.97286,-0.146318,-0.735589,7.97286,-0.146318,-0.692909,7.97286,-0.287012,-0.692909,7.97286,-0.287012,-0.415734,7.68714,-0.277785,-0.415734,7.68714,-0.277785,-0.353553,7.68714,-0.353553,-0.353553,7.68714,-0.353553,0.69291,7.61571,-0.287012,0.69291,7.61571,-0.287012,0.287013,7.61571,-0.692909,0.287013,7.61571,-0.692909,-0.623603,7.61571,0.416678,-0.623603,7.61571,0.416678,-0.146318,7.61571,0.73559,-0.146318,7.61571,0.73559,-0.287012,7.61571,-0.692909,-0.287012,7.61571,-0.692909,-0.287012,7.97286,-0.692909,-0.287012,7.97286,-0.692909,-0.735589,7.61571,-0.146318,-0.735589,7.61571,-0.146318,-0.416677,7.61571,-0.623602,-0.416677,7.61571,-0.623602,-0.416677,7.97286,-0.623602,-0.416677,7.97286,-0.623602,-0.490393,4.47286,0.097546,-0.490393,4.47286,0.097546,-0.490393,7.68714,0.097546,-0.490393,7.68714,0.097546,-0.277785,4.47286,0.415736,-0.277785,4.47286,0.415736,-0.415734,4.47286,-0.277785,-0.415734,4.47286,-0.277785,0.5,7.68714,1e-06,0.5,7.68714,1e-06,0.490393,7.68714,0.097546,0.490393,7.68714,0.097546,-0.097544,7.68714,-0.490392,-0.097544,7.68714,-0.490392,-0.191341,7.68714,-0.461939,-0.191341,7.68714,-0.461939,0.353553,7.68714,0.353554,0.353553,7.68714,0.353554,0.277785,7.68714,0.415736,0.277785,7.68714,0.415736,0.353553,7.68714,-0.353552,0.353553,7.68714,-0.353552,0.415735,7.68714,-0.277784,0.415735,7.68714,-0.277784,0.5,4.47286,1e-06,0.5,4.47286,1e-06,0.353553,4.47286,0.353554,0.353553,4.47286,0.353554,0.097545,7.68714,0.490394,0.097545,7.68714,0.490394,0,7.68714,0.500001,0,7.68714,0.500001,0,7.68714,-0.499999,0,7.68714,-0.499999,0.097545,7.68714,-0.490392,0.097545,7.68714,-0.490392,0.353553,4.47286,-0.353552,0.353553,4.47286,-0.353552,0.623602,7.61571,0.416679,0.623602,7.61571,0.416679,0,4.47286,-0.499999,0,4.47286,-0.499999,0.146318,7.61571,0.73559,0.146318,7.61571,0.73559,0.735589,7.61571,-0.146317,0.735589,7.61571,-0.146317,0.416678,7.61571,-0.623601,0.416678,7.61571,-0.623601,-0.69291,7.61571,0.287013,-0.69291,7.61571,0.287013,-0.735589,7.61571,0.146318,-0.735589,7.61571,0.146318,-0.287013,7.61571,0.69291,-0.287013,7.61571,0.69291,-0.416678,7.61571,0.623603,-0.416678,7.61571,0.623603,-0.692909,7.61571,-0.287012,-0.692909,7.61571,-0.287012,-0.623602,7.61571,-0.416677,-0.623602,7.61571,-0.416677,-0.353554,4.47286,0.353554,-0.353554,4.47286,0.353554,-0.415735,4.47286,0.277786,-0.415735,4.47286,0.277786,0,4.47286,0.500001,0,4.47286,0.500001,-0.097545,4.47286,0.490394,-0.097545,4.47286,0.490394,-0.5,4.47286,1e-06,-0.5,4.47286,1e-06,-0.490393,4.47286,-0.097545,-0.490393,4.47286,-0.097545,-0.353553,4.47286,-0.353553,-0.353553,4.47286,-0.353553,-0.277785,4.47286,-0.415734,-0.277785,4.47286,-0.415734,0.490393,4.47286,0.097546,0.490393,4.47286,0.097546,0.735589,7.97286,0.146319,0.735589,7.97286,0.146319,0.277785,4.47286,0.415736,0.277785,4.47286,0.415736,0.415735,4.47286,-0.277784,0.415735,4.47286,-0.277784,0.416678,7.97286,0.623603,0.416678,7.97286,0.623603,0.623602,7.97286,-0.416677,0.623602,7.97286,-0.416677,0.097545,4.47286,-0.490392,0.097545,4.47286,-0.490392,0.146318,7.97286,-0.735588,0.146318,7.97286,-0.735588,0.623602,7.97286,0.416679,0.623602,7.97286,0.416679,0,7.61571,-0.749999,0,7.61571,-0.749999,-0.146317,