{
    "uvs":[],
    "materials":[{
        "visible":true,
        "colorEmissive":[0,0,0],
        "DbgIndex":0,
        "transparent":true,
        "depthWrite":true,
        "shading":"phong",
        "DbgName":"Material.016",
        "wireframe":false,
        "colorSpecular":[0.5,0.5,0.5],
        "specularCoef":49,
        "opacity":1,
        "DbgColor":15658734,
        "depthTest":true,
        "colorDiffuse":[0.483062,0.8,0.8],
        "blending":"NormalBlending"
    }],
    "metadata":{
        "materials":1,
        "generator":"io_three",
        "uvs":0,
        "version":3,
        "type":"Geometry",
        "vertices":386,
        "faces":300,
        "normals":75
    },
    "vertices":[0.75,2.33014,0,0.75,3.83014,0,0.735589,2.33014,0.146318,0.69291,3.83014,0.287013,0.69291,2.33014,0.287013,0.735589,3.83014,0.146318,0.623602,2.33014,0.416678,0.623602,3.83014,0.416678,0.53033,2.33014,0.53033,0.53033,3.83014,0.53033,0.416677,2.33014,0.623603,0.416677,3.83014,0.623603,0.287012,2.33014,0.69291,0.287012,3.83014,0.69291,0.146317,2.33014,0.735589,0.146317,3.83014,0.73559,0,2.33014,0.75,0,3.83014,-0.75,1e-06,3.83014,-0.75,0,2.33014,-0.75,1e-06,2.33014,-0.75,0.146319,2.33014,-0.735589,0.146319,3.83014,-0.735589,0.287014,2.33014,-0.692909,0.287014,3.83014,-0.692909,0.416679,2.33014,-0.623602,0.416679,3.83014,-0.623601,0.530331,2.33014,-0.530329,0.530331,3.83014,-0.530329,0.623603,2.33014,-0.416677,0.623603,3.83014,-0.416677,0.69291,2.33014,-0.287011,0.735589,3.83014,-0.146316,0.69291,3.83014,-0.287011,0.326928,3.83014,-0.044354,0.333333,3.83014,0.020676,0.326928,3.83014,0.085706,0.30796,3.83014,-0.106885,0.30796,3.83014,0.148237,0.287013,3.83014,-0.146074,0.287013,3.83014,0.187427,0.277157,3.83014,0.205866,0.243127,3.83014,0.247331,0.235702,3.83014,-0.215026,0.277157,3.83014,-0.164514,0.222027,3.83014,0.267602,0.22717,3.83014,0.26338,0.235702,3.83014,0.256378,0.194238,3.83014,-0.249055,0.18519,3.83014,-0.25648,0.173745,3.83014,-0.262598,0.212279,3.83014,0.275601,0.167334,3.83014,-0.266025,0.155184,3.83014,-0.272519,0.198121,3.83014,0.28722,0.146318,3.83014,-0.277258,0.18519,3.83014,0.297833,0.146318,3.83014,0.31861,0.11338,3.83014,0.332938,0.11506,3.83014,0.332428,0.138329,3.83014,0.32288,0.127561,3.83014,0.328636,0.117972,3.83014,0.331545,0.127561,3.83014,-0.287284,0.137538,3.83014,-0.281951,0.115131,3.83014,-0.291054,0.111928,3.83014,-0.292026,0.11008,3.83014,-0.292587,0.106115,3.83014,-0.293789,0.100088,3.83014,-0.295617,0.109776,3.83014,0.334031,0.106855,3.83014,0.334917,0.08903,3.83014,-0.298972,0.06503,3.83014,-0.306252,0.032337,3.83014,-0.309472,0.029046,3.83014,-0.309796,0.0225,3.83014,-0.310441,0.040567,3.83014,-0.308662,0.01153,3.83014,-0.311522,0.043497,3.83014,-0.308373,1e-06,3.83014,-0.312657,0.078967,3.83014,0.343377,0.088537,3.83014,0.340474,0.094248,3.83014,0.338741,0.097119,3.83014,0.33787,0.104299,3.83014,0.335693,0.068909,3.83014,0.346428,0.06503,3.83014,0.347605,0,3.83014,0.354009,0,3.83014,0.75,0,3.83014,-0.312657,0,3.83014,0.354009,0,3.83014,0.354009,0.735589,2.33014,-0.146316,0.326928,2.33014,0.085706,0.333333,2.33014,0.020676,0.326928,2.33014,-0.044354,0.30796,2.33014,-0.106885,0.30796,2.33014,0.148237,0.287013,2.33014,-0.146074,0.277157,2.33014,-0.164514,0.235702,2.33014,-0.215026,0.194238,2.33014,-0.249055,0.277157,2.33014,0.205866,0.287013,2.33014,0.187427,0.243127,2.33014,0.247331,0.18519,2.33014,-0.25648,0.173745,2.33014,-0.262598,0.235702,2.33014,0.256378,0.22717,2.33014,0.26338,0.167334,2.33014,-0.266025,0.222027,2.33014,0.267602,0.212279,2.33014,0.275601,0.155184,2.33014,-0.272519,0.198121,2.33014,0.28722,0.146318,2.33014,-0.277258,0.18519,2.33014,0.297833,0.106115,2.33014,-0.293789,0.11008,2.33014,-0.292587,0.111928,2.33014,-0.292026,0.137538,2.33014,-0.281951,0.127561,2.33014,-0.287284,0.115131,2.33014,-0.291054,0.127561,2.33014,0.328636,0.138329,2.33014,0.32288,0.117972,2.33014,0.331545,0.11506,2.33014,0.332428,0.146318,2.33014,0.31861,0.11338,2.33014,0.332938,0.100088,2.33014,-0.295617,0.109776,2.33014,0.334031,0.106855,2.33014,0.334917,0.08903,2.33014,-0.298972,0.043497,2.33014,-0.308373,0.06503,2.33014,-0.306252,0.029046,2.33014,-0.309796,0.032337,2.33014,-0.309472,0.0225,2.33014,-0.310441,0.040567,2.33014,-0.308662,0.01153,2.33014,-0.311522,1e-06,2.33014,-0.312657,0.097119,2.33014,0.33787,0.094248,2.33014,0.338741,0.088537,2.33014,0.340474,0.078967,2.33014,0.343377,0.104299,2.33014,0.335693,0.068909,2.33014,0.346428,0.06503,2.33014,0.347605,0,2.33014,0.354009,0,2.33014,-0.312657,0,2.33014,0.354009,0,2.33014,0.354009,0.097119,3.83014,0.33787,0.104299,3.83014,0.335693,0.040567,3.83014,-0.308662,0.043497,3.83014,-0.308373,0.18519,2.33014,0.297833,0.18519,2.33014,0.297833,0.146318,2.33014,0.31861,0.106115,3.83014,-0.293789,0.100088,3.83014,-0.295617,0.127561,2.33014,0.328636,0.127561,2.33014,0.328636,0.117972,2.33014,0.331545,0,3.83014,-0.312657,0,3.83014,-0.312657,0,3.83014,-0.312657,0,3.83014,-0.312657,0.01153,2.33014,-0.311522,0.01153,2.33014,-0.311522,0.01153,2.33014,-0.311522,0.078967,2.33014,0.343377,0.068909,2.33014,0.346428,0.18519,2.33014,-0.25648,0.18519,2.33014,-0.25648,0.173745,2.33014,-0.262598,0.277157,3.83014,0.205866,0.277157,3.83014,0.205866,0.277157,2.33014,0.205866,0.277157,2.33014,0.205866,0.088537,2.33014,0.340474,0.032337,2.33014,-0.309472,0.040567,2.33014,-0.308662,0.243127,3.83014,0.247331,0.235702,3.83014,0.256378,0.235702,3.83014,0.256378,0,3.83014,0.354009,0,3.83014,0.354009,0,2.33014,0.354009,0,2.33014,0.354009,0,2.33014,0.354009,0.029046,2.33014,-0.309796,0.138329,2.33014,0.32288,0.100088,2.33014,-0.295617,0.08903,2.33014,-0.298972,0.11338,2.33014,0.332938,0.109776,2.33014,0.334031,0.097119,2.33014,0.33787,0.104299,2.33014,0.335693,0.22717,3.83014,0.26338,0,3.83014,-0.75,0,3.83014,-0.75,0,2.33014,-0.75,0,2.33014,-0.75,0.416679,2.33014,-0.623602,0.416679,2.33014,-0.623602,0.530331,2.33014,-0.530329,0.530331,2.33014,-0.530329,0.106115,2.33014,-0.293789,0.127561,3.83014,-0.287284,0.127561,3.83014,-0.287284,0.115131,3.83014,-0.291054,0.735589,2.33014,0.146318,0.735589,2.33014,0.146318,0.735589,3.83014,0.146318,0.735589,3.83014,0.146318,0.53033,3.83014,0.53033,0.53033,3.83014,0.53033,0.416677,3.83014,0.623603,0.416677,3.83014,0.623603,0.69291,3.83014,0.287013,0.69291,3.83014,0.287013,0.623602,3.83014,0.416678,0.623602,3.83014,0.416678,0.194238,2.33014,-0.249055,0.69291,2.33014,-0.287011,0.69291,2.33014,-0.287011,0.69291,3.83014,-0.287011,0.69291,3.83014,-0.287011,0.53033,2.33014,0.53033,0.53033,2.33014,0.53033,0.75,2.33014,0,0.75,2.33014,0,0.75,3.83014,0,0.75,3.83014,0,0.094248,3.83014,0.338741,0,3.83014,0.354009,0,3.83014,0.354009,0,3.83014,0.354009,0,2.33014,0.75,0,2.33014,0.75,0,2.33014,0.354009,0,2.33014,0.354009,0.0225,3.83014,-0.310441,0.01153,3.83014,-0.311522,0.08903,3.83014,-0.298972,0.029046,3.83014,-0.309796,0.11008,3.83014,-0.292587,1e-06,2.33014,-0.312657,1e-06,2.33014,-0.312657,0.277157,3.83014,-0.164514,0.277157,3.83014,-0.164514,0.277157,2.33014,-0.164514,0.277157,2.33014,-0.164514,0.094248,2.33014,0.338741,0.287013,2.33014,-0.146074,0.167334,2.33014,-0.266025,0.155184,2.33014,-0.272519,0.235702,3.83014,-0.215026,0.235702,3.83014,-0.215026,0.194238,3.83014,-0.249055,0.146318,3.83014,-0.277258,0.137538,3.83014,-0.281951,1e-06,3.83014,-0.75,1e-06,3.83014,-0.75,0.146319,3.83014,-0.735589,0.146319,3.83014,-0.735589,0.222027,3.83014,0.267602,0.212279,3.83014,0.275601,0.18519,3.83014,0.297833,0.18519,3.83014,0.297833,0.106855,3.83014,0.334917,0.146318,3.83014,0.31861,0.138329,3.83014,0.32288,0.735589,2.33014,-0.146316,0.735589,2.33014,-0.146316,0.287014,2.33014,-0.692909,0.287014,2.33014,-0.692909,0.287014,3.83014,-0.692909,0.287014,3.83014,-0.692909,0.416679,3.83014,-0.623601,0.416679,3.83014,-0.623601,0.416677,2.33014,0.623603,0.416677,2.33014,0.623603,0.068909,3.83014,0.346428,0.06503,3.83014,0.347605,0.06503,3.83014,0.347605,0.06503,3.83014,0.347605,0.06503,3.83014,0.347605,0.043497,2.33014,-0.308373,0.326928,2.33014,0.085706,0.326928,